tp,config,group,kind,b,tokens,kv,probe_med_ms,n_reps,spread,reference_ms,delta
4,decode,B,decode,6,0,4092,9.654555469751358,3,0.008121738291612406,9.568314098777108,0.009013225327257178
4,decode,B,decode,8,0,192,9.640172123908997,3,0.02229704872623624,9.264425374567509,0.040558019968834694
4,decode,A,decode,8,0,256,9.375108405947685,3,0.01211947096323767,9.312223643064499,0.0067529266149037636
4,decode,B,decode,8,0,1536,9.479306638240814,3,0.02204939750418733,9.762311354279518,-0.02898951956850288
4,decode,A,decode,8,0,8192,9.550327435135841,3,0.014895969471610067,9.690256789326668,-0.014440211155699361
4,decode,B,decode,8,0,12288,9.710380807518959,3,0.003515868596401342,9.689874947071075,0.0021162151792352944
4,decode,B,decode,8,0,98304,10.72971522808075,3,0.00789969988570381,10.763144120573997,-0.0031058668469697336
4,decode,A,decode,8,0,131072,11.328233405947685,3,0.03156549566994898,10.989772155880928,0.03079784050715167
4,decode,B,decode,8,0,786432,17.885714769363403,3,0.012879595764356946,17.893780954182148,-0.000450781466443481
4,decode,B,decode,8,0,1343480,23.81679229438305,3,0.008703447053671974,23.449348285794258,0.015669689584140403
4,decode,B,decode,12,0,8184,11.949073523283005,3,0.02972170391466397,11.097355813162206,0.07674960814634818
4,decode,B,decode,12,0,733992,19.906334578990936,3,0.007736032454731541,19.795502062362427,0.005598873738051693
4,decode,B,decode,20,0,16380,13.841664418578148,3,0.026086680364792326,12.58363195975609,0.0999737168764464
4,decode,B,decode,28,0,16380,15.12049324810505,3,0.012299462671505279,14.155179815848033,0.06819506673989817
4,decode,B,decode,36,0,16380,15.837492421269417,3,0.015435469884879947,15.58916530765899,0.01592946823704691
4,decode,B,decode,36,0,838836,31.186658889055252,3,0.017120193797963472,25.792954605586985,0.20911541023299218
4,decode,B,decode,40,0,360,13.700507581233978,3,0.013333190127965779,14.993790071457624,-0.08625454165091691
4,decode,A,decode,40,0,1024,14.87312838435173,3,0.016748508130921297,15.116693452000618,-0.016112324326895248
4,decode,B,decode,40,0,3040,14.822164550423622,3,0.01627427604014231,14.997477934230119,-0.011689524370385174
4,decode,A,decode,40,0,16384,15.516608953475952,3,0.00891648148183716,16.121380031108856,-0.03751360469549745
4,decode,B,decode,40,0,24560,15.15117660164833,3,0.010670591153970888,16.096209074021317,-0.05871149337257514
4,decode,B,decode,40,0,196600,18.290262669324875,3,0.0036029292704014763,18.9507270293916,-0.03485166342390874
4,decode,A,decode,40,0,262144,19.9517160654068,3,0.010062553353891932,20.07080800831318,-0.005933589861307662
4,decode,B,decode,40,0,1572840,40.561964735388756,3,0.0029092777323338663,41.95033709655149,-0.033095618706646054
4,decode,B,decode,40,0,2236400,51.88383907079697,3,0.005652501511043433,52.60025318306558,-0.013619974599271747
4,decode,B,decode,44,0,16368,17.593031749129295,3,0.025108767036586994,16.369542108887348,0.07474183652196909
4,decode,B,decode,52,0,16380,16.865737736225128,3,0.004174726916027479,16.536613636586722,0.019902750760907285
4,decode,B,decode,60,0,16380,16.390638425946236,3,0.02253758299897371,17.07166918369684,-0.03989245283647941
4,decode,B,decode,64,0,768,14.191767200827599,3,0.015140933755445327,15.090571716427803,-0.05956066691772543
4,decode,A,decode,64,0,2048,16.234800219535828,3,0.016415572662297075,15.445414930582047,0.05110806621263323
4,decode,B,decode,64,0,6144,14.831041917204857,3,0.013004318445987399,16.535446047782898,-0.10307578795593304
4,decode,A,decode,64,0,32768,16.35102741420269,3,0.0150826045456394,17.069833353161812,-0.04210972210961735
4,decode,B,decode,64,0,49152,16.36701449751854,3,0.010987741627550052,17.26718805730343,-0.0521320296505456
4,decode,B,decode,64,0,196608,18.865471705794334,3,0.0045498154037938955,19.188623875379562,-0.01684082046132846
4,decode,A,decode,64,0,524288,22.130360826849937,3,0.013711470786448481,22.312186658382416,-0.008149171316840368
4,decode,B,decode,64,0,1572864,33.47776271402836,3,0.00931423760783881,33.504451625049114,-0.000796578058325903
4,decode,B,decode,64,0,2236352,40.07788188755512,3,0.010590264311138783,40.28605532934374,-0.005167382114897371
4,decode,B,decode,100,0,32700,22.22541905939579,3,0.010322756585740696,21.982552002764233,0.011048173869940897
4,decode,B,decode,100,0,1258200,38.04126754403114,3,0.015594971417379703,37.99611932031541,0.0011882324964590683
4,decode,B,decode,150,0,32700,24.373335763812065,3,0.003233925612145199,24.60160731294028,-0.009278725012741212
4,decode,B,decode,256,0,3072,24.350719526410103,3,0.012964851050542894,25.273253209888935,-0.03650237172940849
4,decode,A,decode,256,0,4096,20.879309624433517,3,0.008218212169077392,24.72221478819847,-0.155443401680962
4,decode,B,decode,256,0,12288,25.361759588122368,3,0.008562946318046185,26.671653613448143,-0.04911184151946665
4,decode,A,decode,256,0,65536,25.94626136124134,3,0.003778663473319381,27.425844222307205,-0.05394848920867218
4,decode,B,decode,256,0,98304,26.687894016504288,3,0.01670810780101611,27.799930423498154,-0.04000140971769867
4,decode,B,decode,256,0,393216,30.07519245147705,3,0.004885518195402891,30.548416078090668,-0.015490938234045236
4,decode,A,decode,256,0,524288,30.969487503170967,3,0.008357863779504874,32.25713409483433,-0.0399181957044834
4,decode,B,decode,256,0,1572864,43.548135086894035,3,0.007709072052038931,42.92413592338562,0.01453725625653078
4,decode,B,decode,256,0,2236160,50.204798579216,3,0.005800249437030358,49.98609204524479,0.004375347722187468
4,decode,B,decode,300,0,65400,28.253529220819473,3,0.011726935653088395,29.731564256934575,-0.04971265633191049
4,decode,B,decode,300,0,629100,34.40578281879425,3,0.03383640841895369,35.60399423475019,-0.03365384816253175
4,decode,B,decode,600,0,65400,87.49361895024776,3,0.06290796633514062,44.36719812754142,0.972033904388818
4,decode,B,decode,768,0,65280,86.90227568149567,3,0.04521627380243841,57.702547478253294,0.5060388055526847
4,prefill,A,prefill,1,184,32768,30.64334485679865,2,0.01636620760980725,29.429404065012932,0.04124924817043466
4,prefill,A,prefill,1,512,2048,32.525910064578056,2,0.009473139575935813,31.05509839951992,0.047361359031497165
4,prefill,A,prefill,1,1024,0,42.1614246442914,2,0.002967982339928543,41.757404804229736,0.00967540588204227
4,prefill,A,prefill,1,1312,128,47.84729424864054,2,0.012334678218418726,47.3072100430727,0.01141653048395997
4,prefill,A,prefill,1,2048,0,61.46229524165392,2,0.0015510048187703494,61.3386370241642,0.002015992260163925
4,prefill,B,prefill,1,2048,384,62.35959567129612,2,0.0022909847539594385,62.12699394687158,0.003743971978162213
4,prefill,B,prefill,1,2048,6144,73.07307701557875,2,0.002461407277359393,72.51672305535763,0.00767207806393028
4,prefill,B,prefill,1,2048,98304,240.0449374690652,2,0.006620347499940144,247.82231150596343,-0.03138286455984044
4,prefill,A,prefill,1,2049,0,104.5939726755023,2,0.08999514660374054,104.55841943621635,0.0003400322946506894
4,prefill,B,prefill,1,2304,0,98.60611241310835,2,0.10316104250546813,105.02169430838251,-0.061088158380264164
4,prefill,B,prefill,1,2816,0,97.48727828264236,2,0.05550570020866641,105.95187758112397,-0.07989097967613201
4,prefill,B,prefill,1,3328,0,97.52070531249046,2,0.036688037652969484,106.88206085386541,-0.0875858443090302
4,prefill,B,prefill,1,3840,0,103.67433074861765,2,0.00017005112268550697,107.81224412660687,-0.0383807369145378
4,prefill,A,prefill,1,4096,0,108.63182041794062,2,0.007787811253646601,108.2773357629776,0.0032738583052966345
4,prefill,B,prefill,1,4096,384,110.90959887951612,2,0.002227641638104171,110.50060433110586,0.003701287887844891
4,prefill,B,prefill,1,4096,6144,126.89318973571062,2,0.0020884029621170267,125.52678250751882,0.010885383986560467
4,prefill,B,prefill,1,4096,98304,359.8064770922065,2,0.0020090373263459893,375.64582742294164,-0.04216564959445576
4,prefill,B,prefill,1,4352,0,116.19816441088915,2,0.0032231162980025725,113.96828410215676,0.01956579697851388
4,prefill,B,prefill,1,4864,0,128.54914739727974,2,0.01950204579346732,125.35018078051507,0.025520239355426
4,prefill,B,prefill,1,5376,0,137.30688486248255,2,0.0019198662544046958,136.7320774588734,0.004203895781383477
4,prefill,B,prefill,1,5888,0,148.53809121996164,2,0.0022235283031683413,148.1139741372317,0.0028634508337274066
4,prefill,B,prefill,1,6400,0,159.7343645989895,2,0.0022201405198103742,159.49587081559002,0.0014952975408072506
4,prefill,B,prefill,1,6912,0,172.86442685872316,2,0.0024189307181039952,170.87776749394834,0.011626201546934308
4,prefill,B,prefill,1,7424,0,183.5746243596077,2,0.0010405670789228234,182.25966417230666,0.007214762483364877
4,prefill,B,prefill,1,7936,0,193.8276458531618,2,8.222145931078026e-05,193.64156085066497,0.0009609765676302621
4,prefill,A,prefill,1,8192,0,199.21043887734413,2,0.0010941905814374135,199.33250918984413,-0.0006123954040218314
4,prefill,B,prefill,2,3328,0,98.88502396643162,2,0.06238508220604416,105.37920706338078,-0.06162679790371931
4,prefill,B,prefill,3,1920,0,58.63181967288256,2,0.003700871776968207,58.578609894529045,0.0009083482597029276
4,prefill,B,prefill,3,5376,0,131.80381804704666,2,0.0025874472433056804,131.09717298682205,0.005390238737609153
4,prefill,B,prefill,4,2816,0,96.03867772966623,2,0.018326380399986443,104.2186486956531,-0.0784885533286333
4,prefill,B,prefill,4,6400,0,150.71991365402937,2,0.0013983070026420547,150.12401656713337,0.003969365465448531
