side,bp,tot,kv,truth,model,ape,stratum
new,1,512,4096,36.59870009869337,32.081687822937965,0.12342001938797464,A
old,1,512,4096,36.59870009869337,32.081687822937965,0.12342001938797464,A
new,1,512,608,34.38950423151255,31.31133914777499,0.08950885313772287,B
old,1,512,608,34.38950423151255,31.31133914777499,0.08950885313772287,B
new,1,512,2144,35.325830802321434,31.143793508208514,0.11838468336427908,B
old,1,512,2144,35.325830802321434,31.143793508208514,0.11838468336427908,B
new,1,1024,0,43.48717723041773,42.02500358223915,0.033623098607463514,A
old,1,1024,0,43.48717723041773,42.02500358223915,0.033623098607463514,A
new,1,1024,256,43.61204896122217,40.458377450704575,0.07231193180860859,A
old,1,1024,256,43.61204896122217,40.458377450704575,0.07231193180860859,A
new,1,1024,1024,44.44674588739872,41.42537713050842,0.06797727699896468,A
old,1,1024,1024,44.44674588739872,41.42537713050842,0.06797727699896468,A
new,1,1024,4096,47.34777379781008,44.508256018161774,0.05997151612183373,A
old,1,1024,4096,47.34777379781008,44.508256018161774,0.05997151612183373,A
new,1,1024,608,44.4942032918334,41.3831589910999,0.06992021590606869,B
old,1,1024,608,44.4942032918334,41.3831589910999,0.06992021590606869,B
new,1,1024,2144,45.59064656496048,40.350823136811655,0.1149319832672868,B
old,1,1024,2144,45.59064656496048,40.350823136811655,0.1149319832672868,B
new,1,2048,0,61.91700976341963,60.663048177957535,0.020252295617204204,A
old,1,2048,0,61.91700976341963,60.663048177957535,0.020252295617204204,A
new,1,2048,256,62.116933055222034,65.3256755322218,0.05165648590775052,A
old,1,2048,256,62.116933055222034,65.3256755322218,0.05165648590775052,A
new,1,2048,1024,64.11013007164001,61.96625903248787,0.033440441264999336,A
old,1,2048,1024,64.11013007164001,61.96625903248787,0.033440441264999336,A
new,1,2048,4096,69.05850116163492,67.54258833825588,0.02195113994482691,A
old,1,2048,4096,69.05850116163492,67.54258833825588,0.02195113994482691,A
new,1,2048,16384,90.82345198839903,90.41429497301579,0.004504970978591582,A
old,1,2048,16384,90.82345198839903,90.41429497301579,0.004504970978591582,A
new,1,2048,65536,179.4560421258211,177.79130674898624,0.009276563536755602,A
old,1,2048,65536,179.4560421258211,177.79130674898624,0.009276563536755602,A
new,1,2048,608,62.847793102264404,61.29587876621298,0.024693219275435614,B
old,1,2048,608,62.847793102264404,61.29587876621298,0.024693219275435614,B
new,1,2048,2144,65.51172584295273,62.05571569804942,0.05275406960256539,B
old,1,2048,2144,65.51172584295273,62.05571569804942,0.05275406960256539,B
new,1,2048,8384,76.81531924754381,75.27298896266633,0.02007842055446246,B
old,1,2048,8384,76.81531924754381,75.27298896266633,0.02007842055446246,B
new,1,4096,0,109.20875146985054,110.99988035857677,0.016400964800158114,A
old,1,4096,0,109.20875146985054,110.99988035857677,0.016400964800158114,A
new,1,4096,256,109.7128102555871,108.28673467040062,0.012998259563894991,A
old,1,4096,256,109.7128102555871,108.28673467040062,0.012998259563894991,A
new,1,4096,1024,111.77119798958302,111.25216819345951,0.0046436810686405795,A
old,1,4096,1024,111.77119798958302,111.25216819345951,0.0046436810686405795,A
new,1,4096,4096,120.63367292284966,119.00076828897,0.013536059993166032,A
old,1,4096,4096,120.63367292284966,119.00076828897,0.013536059993166032,A
new,1,4096,16384,151.34919807314873,147.6410198956728,0.02450081153177783,A
old,1,4096,16384,151.34919807314873,147.6410198956728,0.02450081153177783,A
new,1,4096,65536,275.6538912653923,275.165481492877,0.0017718225208911303,A
old,1,4096,65536,275.6538912653923,275.165481492877,0.0017718225208911303,A
new,1,4096,608,111.1425468698144,109.52494080530933,0.014554336840956446,B
old,1,4096,608,111.1425468698144,109.52494080530933,0.014554336840956446,B
new,1,4096,2144,114.59052562713623,112.9760249985116,0.014089302931361153,B
old,1,4096,2144,114.59052562713623,112.9760249985116,0.014089302931361153,B
new,1,4096,8384,131.25421572476625,129.09825937895556,0.016425806469573746,B
old,1,4096,8384,131.25421572476625,129.09825937895556,0.016425806469573746,B
new,1,8192,0,199.98240936547518,198.57783615589142,0.007023483785600614,A
old,1,8192,0,199.98240936547518,198.57783615589142,0.007023483785600614,A
new,1,8192,256,201.0458279401064,200.2866491675377,0.003776147858163313,A
old,1,8192,256,201.0458279401064,200.2866491675377,0.003776147858163313,A
new,1,8192,1024,205.09221218526363,198.02628830075264,0.03445242415215753,A
old,1,8192,1024,205.09221218526363,198.02628830075264,0.03445242415215753,A
new,1,8192,4096,220.12603655457497,219.1834282130003,0.0042821301665556125,A
old,1,8192,4096,220.12603655457497,219.1834282130003,0.0042821301665556125,A
new,1,8192,16384,281.5211247652769,281.2354676425457,0.0010146916078478316,A
old,1,8192,16384,281.5211247652769,281.2354676425457,0.0010146916078478316,A
new,1,8192,65536,528.9117339998484,525.2927727997303,0.006842278148661951,A
old,1,8192,65536,528.9117339998484,525.2927727997303,0.006842278148661951,A
new,1,8192,608,203.10032926499844,200.30798668004914,0.013748587188679254,B
old,1,8192,608,203.10032926499844,200.30798668004914,0.013748587188679254,B
new,1,8192,2144,210.89778002351522,209.16354500574008,0.008223107031196726,B
old,1,8192,2144,210.89778002351522,209.16354500574008,0.008223107031196726,B
new,1,8192,8384,241.62283446639776,240.16377583930537,0.00603857921919751,B
old,1,8192,8384,241.62283446639776,240.16377583930537,0.00603857921919751,B
new,1,181,0,26.135130785405636,24.74738098680973,0.05309901871127623,B
old,1,181,0,26.135130785405636,24.74738098680973,0.05309901871127623,B
new,1,181,256,25.94822272658348,20.90973353811673,0.19417473179405506,B
old,1,181,256,25.94822272658348,20.90973353811673,0.19417473179405506,B
new,1,181,4096,27.05022506415844,22.849625774792262,0.15528888500569163,B
old,1,181,4096,27.05022506415844,22.849625774792262,0.15528888500569163,B
new,1,181,2144,26.17955394089222,21.911546663260406,0.1630282657706106,B
old,1,181,2144,26.17955394089222,21.911546663260406,0.1630282657706106,B
new,1,362,0,31.099040992558002,29.07569669187069,0.06506130851981896,B
old,1,362,0,31.099040992558002,29.07569669187069,0.06506130851981896,B
new,1,362,256,30.46884573996067,26.998718827962875,0.11389098693182968,B
old,1,362,256,30.46884573996067,26.998718827962875,0.11389098693182968,B
new,1,362,4096,32.285197637975216,28.1854297965765,0.12698599176535302,B
old,1,362,4096,32.285197637975216,28.1854297965765,0.12698599176535302,B
new,1,362,2144,31.34357463568449,27.656074061629134,0.11764773536255041,B
old,1,362,2144,31.34357463568449,27.656074061629134,0.11764773536255041,B
new,1,724,0,38.16406335681677,36.20814580109812,0.05125024391222975,B
old,1,724,0,38.16406335681677,36.20814580109812,0.05125024391222975,B
new,1,724,256,38.604507222771645,36.35246697212419,0.058336199906705265,B
old,1,724,256,38.604507222771645,36.35246697212419,0.058336199906705265,B
new,1,724,4096,42.27786138653755,38.88832387183943,0.08017287070668723,B
old,1,724,4096,42.27786138653755,38.88832387183943,0.08017287070668723,B
new,1,724,2144,40.89266620576382,37.52952511755656,0.08224313551199121,B
old,1,724,2144,40.89266620576382,37.52952511755656,0.08224313551199121,B
new,1,1448,0,51.49505194276571,50.68618954429704,0.01570757515436023,B
old,1,1448,0,51.49505194276571,50.68618954429704,0.01570757515436023,B
new,1,1448,256,51.4246616512537,50.62497653547795,0.015550615018120514,B
old,1,1448,256,51.4246616512537,50.62497653547795,0.015550615018120514,B
new,1,1448,4096,58.09916742146015,55.61889299461919,0.04269036092804356,B
old,1,1448,4096,58.09916742146015,55.61889299461919,0.04269036092804356,B
new,1,1448,2144,54.42338343709707,51.95628740532607,0.04533154456709746,B
old,1,1448,2144,54.42338343709707,51.95628740532607,0.04533154456709746,B
new,1,2896,0,101.31301358342171,103.43651718932736,0.020959830635747,B
old,1,2896,0,101.31301358342171,103.43651718932736,0.020959830635747,B
new,1,2896,256,101.53969470411539,104.69348198162328,0.03105964900424371,B
old,1,2896,256,101.53969470411539,104.69348198162328,0.03105964900424371,B
new,1,2896,4096,100.3666976466775,110.90328038543186,0.10498086502603149,B
old,1,2896,4096,100.3666976466775,110.90328038543186,0.10498086502603149,B
new,1,2896,2144,100.80587677657604,107.07646831341968,0.06220462275965956,B
old,1,2896,2144,100.80587677657604,107.07646831341968,0.06220462275965956,B
new,1,5792,0,148.08391127735376,147.26262768090237,0.005546069045361526,B
old,1,5792,0,148.08391127735376,147.26262768090237,0.005546069045361526,B
new,1,5792,256,148.94691202789545,146.38044926687144,0.017230721510650415,B
old,1,5792,256,148.94691202789545,146.38044926687144,0.017230721510650415,B
new,1,5792,4096,164.96346797794104,160.4826509137638,0.027162480997164905,B
old,1,5792,4096,164.96346797794104,160.4826509137638,0.027162480997164905,B
new,1,5792,2144,156.8713402375579,152.80404268036548,0.02592760124974452,B
old,1,5792,2144,156.8713402375579,152.80404268036548,0.02592760124974452,B
new,2,2048,0,60.81916019320488,59.08809415996075,0.028462511283369202,A
old,2,2048,0,60.81916019320488,59.08809415996075,0.028462511283369202,A
new,2,2048,2048,63.15928511321545,61.54703162610531,0.025526784925131937,A
old,2,2048,2048,63.15928511321545,61.54703162610531,0.025526784925131937,A
new,2,2048,1216,62.453990802168846,60.53239661436163,0.030768156896396195,B
old,2,2048,1216,62.453990802168846,60.53239661436163,0.030768156896396195,B
new,2,8192,0,190.07942453026772,188.85552696883678,0.006438874509723913,A
old,2,8192,0,190.07942453026772,188.85552696883678,0.006438874509723913,A
new,2,8192,2048,195.20155806094408,194.22913901507854,0.004981615185478877,A
old,2,8192,2048,195.20155806094408,194.22913901507854,0.004981615185478877,A
new,2,8192,1216,193.21132078766823,191.75949986639034,0.007514160740474315,B
old,2,8192,1216,193.21132078766823,191.75949986639034,0.007514160740474315,B
new,4,8192,4096,190.82154240459204,190.24965353310108,0.0029969827530185243,A
old,4,8192,4096,190.82154240459204,190.24965353310108,0.0029969827530185243,A
new,6,1014,0,43.1404709815979,41.05615723998316,0.04831458011906807,C
old,6,1014,0,43.1404709815979,41.05615723998316,0.04831458011906807,C
new,6,1830,0,58.455598540604115,56.245054448804545,0.037815780643561336,C
old,6,1830,0,58.455598540604115,56.245054448804545,0.037815780643561336,C
new,6,2214,0,115.10914005339146,102.28060303837367,0.11144672794069596,C
old,6,2214,0,115.10914005339146,102.28060303837367,0.11144672794069596,C
new,6,4038,0,105.9065880253911,103.9533424025113,0.01844309838790685,C
old,6,4038,0,105.9065880253911,103.9533424025113,0.01844309838790685,C
new,8,1024,0,43.19154005497694,41.03352129459381,0.04996392250973838,C
old,8,1024,0,43.19154005497694,41.03352129459381,0.04996392250973838,C
new,8,1856,0,58.26550628989935,56.14635348320007,0.036370623747015184,C
old,8,1856,0,58.26550628989935,56.14635348320007,0.036370623747015184,C
new,8,2304,0,102.84007992595434,102.36313952015678,0.004637689956493269,C
old,8,2304,0,102.84007992595434,102.36313952015678,0.004637689956493269,C
new,8,4096,0,106.01819213479757,104.00653257966042,0.018974663825425536,C
old,8,4096,0,106.01819213479757,104.00653257966042,0.018974663825425536,C
new,8,8192,0,185.15274859964848,184.04574692249298,0.005978856298531862,C
old,8,8192,0,185.15274859964848,184.04574692249298,0.005978856298531862,C
new,12,1056,0,44.32801343500614,42.19294898211956,0.04816512826628288,C
old,12,1056,0,44.32801343500614,42.19294898211956,0.04816512826628288,C
new,12,1836,0,58.40032547712326,56.222277302895826,0.03729513759440649,C
old,12,1836,0,58.40032547712326,56.222277302895826,0.03729513759440649,C
new,12,2220,0,101.65678802877665,102.28610547049254,0.0061906091459210085,C
old,12,2220,0,101.65678802877665,102.28610547049254,0.0061906091459210085,C
new,12,4044,0,105.53502384573221,103.95884483463017,0.014935127256009822,C
old,12,4044,0,105.53502384573221,103.95884483463017,0.014935127256009822,C
new,12,8076,0,181.85245990753174,181.77901136004948,0.00040389086581289464,C
old,12,8076,0,181.85245990753174,181.77901136004948,0.00040389086581289464,C
new,16,1024,0,43.46472769975662,41.03352129459381,0.05593515785850476,C
old,16,1024,0,43.46472769975662,41.03352129459381,0.05593515785850476,C
new,16,1808,0,58.345358818769455,55.724219929787424,0.04492454827681721,C
old,16,1808,0,58.345358818769455,55.724219929787424,0.04492454827681721,C
new,16,2304,0,103.4447317942977,102.36313952015678,0.01045575019027251,C
old,16,2304,0,103.4447317942977,102.36313952015678,0.01045575019027251,C
new,16,4096,0,105.5403221398592,104.00653257966042,0.014532735253226223,C
old,16,4096,0,105.5403221398592,104.00653257966042,0.014532735253226223,C
new,16,8192,0,183.92912484705448,184.04574692249298,0.0006340598615661117,C
old,16,8192,0,183.92912484705448,184.04574692249298,0.0006340598615661117,C
new,24,984,0,43.68215659633279,40.5456387708264,0.07180318166273196,C
old,24,984,0,43.68215659633279,40.5456387708264,0.07180318166273196,C
new,24,1920,0,59.818181209266186,58.394838124513626,0.023794489500995986,C
old,24,1920,0,59.818181209266186,58.394838124513626,0.023794489500995986,C
new,64,1024,0,46.0858354344964,41.03352129459381,0.1096283509297264,C
old,64,1024,0,46.0858354344964,41.03352129459381,0.1096283509297264,C
new,6,2022,1152,61.97693571448326,59.9906764136915,0.032048362473777375,C
old,6,2022,1152,61.97693571448326,59.9906764136915,0.032048362473777375,C
new,6,2022,18432,69.02083475142717,68.07768990413138,0.013664639824952224,C
old,6,2022,18432,69.02083475142717,68.07768990413138,0.013664639824952224,C
new,6,2022,589824,304.11469750106335,316.7708734497633,0.041616456069689674,C
old,6,2022,589824,304.11469750106335,316.7708734497633,0.041616456069689674,C
new,8,2048,1536,61.98483984917402,60.32362126193671,0.026800401376844907,C
old,8,2048,1536,61.98483984917402,60.32362126193671,0.026800401376844907,C
new,8,2048,24576,69.51559707522392,74.29996761214733,0.06882441837831245,C
old,8,2048,24576,69.51559707522392,74.29996761214733,0.06882441837831245,C
new,8,2048,786432,329.8958446830511,471.7140227075246,0.4298877367210427,C
old,8,2048,786432,329.8958446830511,471.7140227075246,0.4298877367210427,C
