model,isl,osl,prefix,concurrency,request_rate,bs,global_bs,ttft,tpot,request_latency,encoder_latency,encoder_memory,seq/s,seq/s/gpu,tokens/s,tokens/s/gpu,tokens/s/user,num_total_gpus,tp,pp,dp,moe_tp,moe_ep,cp,parallel,gemm,kvcache,fmha,moe,comm,memory,balance_score,num_ctx_reqs,num_gen_reqs,num_tokens,ctx_tokens,gen_tokens,backend,version,system,power_w,tokens/s/gpu_cluster
MiniMaxAI/MiniMax-M2.7,8192,1024,0,240,2.628,240,240,552.525,88.726,91319.303,0,0.0,2.628,0.657,2688.588,672.147,11.271,4,4,1,1,1,4,1,tp4pp1dp1etp1ep4,fp8_block,fp8,bfloat16,fp8_block,half,123.564,0.234,1.0,239.0,8431.0,8192,239.0,vllm,0.25.1,h200_sxm,0.0,672.147
MiniMaxAI/MiniMax-M2.7,8192,1024,0,192,2.437,192,192,536.29,76.493,78788.587,0,0.0,2.437,0.609,2492.95,623.237,13.073,4,4,1,1,1,4,1,tp4pp1dp1etp1ep4,fp8_block,fp8,bfloat16,fp8_block,half,110.48,0.188,1.0,191.0,8383.0,8192,191.0,vllm,0.25.1,h200_sxm,0.0,623.237
MiniMaxAI/MiniMax-M2.7,8192,1024,0,176,2.329,176,176,530.747,73.348,75565.795,0,0.0,2.329,0.582,2382.665,595.666,13.634,4,4,1,1,1,4,1,tp4pp1dp1etp1ep4,fp8_block,fp8,bfloat16,fp8_block,half,106.119,0.172,1.0,175.0,8367.0,8192,175.0,vllm,0.25.1,h200_sxm,0.0,595.666
MiniMaxAI/MiniMax-M2.7,8192,1024,0,160,2.225,160,160,526.629,69.775,71906.395,0,0.0,2.225,0.556,2276.293,569.073,14.332,4,4,1,1,1,4,1,tp4pp1dp1etp1ep4,fp8_block,fp8,bfloat16,fp8_block,half,101.758,0.156,1.0,159.0,8351.0,8192,159.0,vllm,0.25.1,h200_sxm,0.0,569.073
MiniMaxAI/MiniMax-M2.7,8192,1024,0,128,2.189,128,128,503.079,56.679,58486.135,0,0.0,2.189,0.547,2238.89,559.722,17.643,4,4,1,1,1,4,1,tp4pp1dp1etp1ep4,fp8_block,fp8,bfloat16,fp8_block,half,93.035,0.125,1.0,127.0,8319.0,8192,127.0,vllm,0.25.1,h200_sxm,0.0,559.722
MiniMaxAI/MiniMax-M2.7,8192,1024,0,112,2.033,112,112,496.777,53.362,55086.165,0,0.0,2.033,0.508,2079.941,519.985,18.74,4,4,1,1,1,4,1,tp4pp1dp1etp1ep4,fp8_block,fp8,bfloat16,fp8_block,half,88.674,0.109,1.0,111.0,8303.0,8192,111.0,vllm,0.25.1,h200_sxm,0.0,519.985
MiniMaxAI/MiniMax-M2.7,8192,1024,0,96,1.864,96,96,489.862,49.856,51492.048,0,0.0,1.864,0.466,1907.246,476.811,20.058,4,4,1,1,1,4,1,tp4pp1dp1etp1ep4,fp8_block,fp8,bfloat16,fp8_block,half,84.313,0.094,1.0,95.0,8287.0,8192,95.0,vllm,0.25.1,h200_sxm,0.0,476.811
MiniMaxAI/MiniMax-M2.7,8192,1024,0,64,1.813,64,64,445.523,34.075,35304.291,0,0.0,1.813,0.453,1854.505,463.626,29.347,4,4,1,1,1,4,1,tp4pp1dp1etp1ep4,fp8_block,fp8,bfloat16,fp8_block,half,75.59,0.062,1.0,63.0,8255.0,8192,63.0,vllm,0.25.1,h200_sxm,0.0,463.626
MiniMaxAI/MiniMax-M2.7,8192,1024,0,56,1.65,56,56,441.303,32.748,33942.378,0,0.0,1.65,0.412,1687.802,421.95,30.536,4,4,1,1,1,4,1,tp4pp1dp1etp1ep4,fp8_block,fp8,bfloat16,fp8_block,half,73.41,0.055,1.0,55.0,8247.0,8192,55.0,vllm,0.25.1,h200_sxm,0.0,421.95
MiniMaxAI/MiniMax-M2.7,8192,1024,0,48,1.525,48,48,426.274,30.346,31469.93,0,0.0,1.525,0.381,1560.347,390.087,32.954,4,4,1,1,1,4,1,tp4pp1dp1etp1ep4,fp8_block,fp8,bfloat16,fp8_block,half,71.229,0.047,1.0,47.0,8239.0,8192,47.0,vllm,0.25.1,h200_sxm,0.0,390.087
MiniMaxAI/MiniMax-M2.7,8192,1024,0,40,1.353,40,40,418.538,28.48,29553.871,0,0.0,1.353,0.338,1384.59,346.148,35.112,4,4,1,1,1,4,1,tp4pp1dp1etp1ep4,fp8_block,fp8,bfloat16,fp8_block,half,69.048,0.039,1.0,39.0,8231.0,8192,39.0,vllm,0.25.1,h200_sxm,0.0,346.148
MiniMaxAI/MiniMax-M2.7,8192,1024,0,32,1.329,32,32,404.515,23.141,24077.384,0,0.0,1.329,0.332,1359.616,339.904,43.214,4,4,1,1,1,4,1,tp4pp1dp1etp1ep4,fp8_block,fp8,bfloat16,fp8_block,half,66.868,0.031,1.0,31.0,8223.0,8192,31.0,vllm,0.25.1,h200_sxm,0.0,339.904
MiniMaxAI/MiniMax-M2.7,8192,1024,0,28,1.176,28,28,398.521,22.879,23803.568,0,0.0,1.176,0.294,1203.349,300.837,43.709,4,4,1,1,1,4,1,tp4pp1dp1etp1ep4,fp8_block,fp8,bfloat16,fp8_block,half,65.778,0.027,1.0,27.0,8219.0,8192,27.0,vllm,0.25.1,h200_sxm,0.0,300.837
MiniMaxAI/MiniMax-M2.7,8192,1024,0,24,1.091,24,24,391.601,21.128,22005.882,0,0.0,1.091,0.273,1115.702,278.925,47.33,4,4,1,1,1,4,1,tp4pp1dp1etp1ep4,fp8_block,fp8,bfloat16,fp8_block,half,64.687,0.023,1.0,23.0,8215.0,8192,23.0,vllm,0.25.1,h200_sxm,0.0,278.925
MiniMaxAI/MiniMax-M2.7,8192,1024,0,40,2.03,40,40,332.53,18.935,19702.747,0,0.0,2.03,0.254,2076.868,259.608,52.813,8,8,1,1,1,8,1,tp8pp1dp1etp1ep8,fp8_block,fp8,bfloat16,fp8_block,half,36.982,0.039,1.0,39.0,8231.0,8192,39.0,vllm,0.25.1,h200_sxm,0.0,259.608
MiniMaxAI/MiniMax-M2.7,8192,1024,0,16,0.971,16,16,373.399,15.741,16476.681,0,0.0,0.971,0.243,993.404,248.351,63.527,4,4,1,1,1,4,1,tp4pp1dp1etp1ep4,fp8_block,fp8,bfloat16,fp8_block,half,62.507,0.016,1.0,15.0,8207.0,8192,15.0,vllm,0.25.1,h200_sxm,0.0,248.351
MiniMaxAI/MiniMax-M2.7,8192,1024,0,15,0.951,15,15,370.502,15.064,15780.592,0,0.0,0.951,0.238,972.397,243.099,66.385,4,4,1,1,1,4,1,tp4pp1dp1etp1ep4,fp8_block,fp8,bfloat16,fp8_block,half,62.234,0.015,1.0,14.0,8206.0,8192,14.0,vllm,0.25.1,h200_sxm,0.0,243.099
MiniMaxAI/MiniMax-M2.7,8192,1024,0,14,0.924,14,14,367.404,14.445,15144.355,0,0.0,0.924,0.231,945.699,236.425,69.229,4,4,1,1,1,4,1,tp4pp1dp1etp1ep4,fp8_block,fp8,bfloat16,fp8_block,half,61.962,0.014,1.0,13.0,8205.0,8192,13.0,vllm,0.25.1,h200_sxm,0.0,236.425
MiniMaxAI/MiniMax-M2.7,8192,1024,0,13,0.866,13,13,364.077,14.321,15014.079,0,0.0,0.866,0.216,885.769,221.442,69.829,4,4,1,1,1,4,1,tp4pp1dp1etp1ep4,fp8_block,fp8,bfloat16,fp8_block,half,61.689,0.013,1.0,12.0,8204.0,8192,12.0,vllm,0.25.1,h200_sxm,0.0,221.442
MiniMaxAI/MiniMax-M2.7,8192,1024,0,12,0.801,12,12,360.484,14.291,14980.036,0,0.0,0.801,0.2,819.491,204.873,69.975,4,4,1,1,1,4,1,tp4pp1dp1etp1ep4,fp8_block,fp8,bfloat16,fp8_block,half,61.416,0.012,1.0,11.0,8203.0,8192,11.0,vllm,0.25.1,h200_sxm,0.0,204.873
MiniMaxAI/MiniMax-M2.7,8192,1024,0,20,1.415,20,20,307.569,13.514,14132.299,0,0.0,1.415,0.177,1447.747,180.968,73.998,8,8,1,1,1,8,1,tp8pp1dp1etp1ep8,fp8_block,fp8,bfloat16,fp8_block,half,34.255,0.02,1.0,19.0,8211.0,8192,19.0,vllm,0.25.1,h200_sxm,0.0,180.968
MiniMaxAI/MiniMax-M2.7,8192,1024,0,16,1.267,16,16,299.533,12.055,12631.885,0,0.0,1.267,0.158,1295.769,161.971,82.953,8,8,1,1,1,8,1,tp8pp1dp1etp1ep8,fp8_block,fp8,bfloat16,fp8_block,half,33.71,0.016,1.0,15.0,8207.0,8192,15.0,vllm,0.25.1,h200_sxm,0.0,161.971
MiniMaxAI/MiniMax-M2.7,8192,1024,0,15,1.265,15,15,297.209,11.301,11858.077,0,0.0,1.265,0.158,1294.055,161.757,88.488,8,8,1,1,1,8,1,tp8pp1dp1etp1ep8,fp8_block,fp8,bfloat16,fp8_block,half,33.573,0.015,1.0,14.0,8206.0,8192,14.0,vllm,0.25.1,h200_sxm,0.0,161.757
MiniMaxAI/MiniMax-M2.7,8192,1024,0,14,1.247,14,14,294.725,10.688,11228.077,0,0.0,1.247,0.156,1275.552,159.444,93.567,8,8,1,1,1,8,1,tp8pp1dp1etp1ep8,fp8_block,fp8,bfloat16,fp8_block,half,33.437,0.014,1.0,13.0,8205.0,8192,13.0,vllm,0.25.1,h200_sxm,0.0,159.444
MiniMaxAI/MiniMax-M2.7,8192,1024,0,13,1.17,13,13,292.056,10.577,11112.759,0,0.0,1.17,0.146,1196.732,149.592,94.541,8,8,1,1,1,8,1,tp8pp1dp1etp1ep8,fp8_block,fp8,bfloat16,fp8_block,half,33.301,0.013,1.0,12.0,8204.0,8192,12.0,vllm,0.25.1,h200_sxm,0.0,149.592
MiniMaxAI/MiniMax-M2.7,8192,1024,0,8,0.8,8,8,274.572,9.506,9999.638,0,0.0,0.8,0.1,818.43,102.304,105.192,8,8,1,1,1,8,1,tp8pp1dp1etp1ep8,fp8_block,fp8,bfloat16,fp8_block,half,32.619,0.008,1.0,7.0,8199.0,8192,7.0,vllm,0.25.1,h200_sxm,0.0,102.304
MiniMaxAI/MiniMax-M2.7,8192,1024,0,7,0.749,7,7,269.764,8.873,9346.519,0,0.0,0.749,0.094,766.168,95.771,112.705,8,8,1,1,1,8,1,tp8pp1dp1etp1ep8,fp8_block,fp8,bfloat16,fp8_block,half,32.483,0.007,1.0,6.0,8198.0,8192,6.0,vllm,0.25.1,h200_sxm,0.0,95.771
MiniMaxAI/MiniMax-M2.7,8192,1024,0,4,0.467,4,4,249.611,8.135,8571.797,0,0.0,0.467,0.058,477.379,59.672,122.924,8,8,1,1,1,8,1,tp8pp1dp1etp1ep8,fp8_block,fp8,bfloat16,fp8_block,half,32.074,0.004,1.0,3.0,8195.0,8192,3.0,vllm,0.25.1,h200_sxm,0.0,59.672
MiniMaxAI/MiniMax-M2.7,8192,1024,0,3,0.354,3,3,239.251,8.045,8469.366,0,0.0,0.354,0.044,362.365,45.296,124.3,8,8,1,1,1,8,1,tp8pp1dp1etp1ep8,fp8_block,fp8,bfloat16,fp8_block,half,31.937,0.003,1.0,2.0,8194.0,8192,2.0,vllm,0.25.1,h200_sxm,0.0,45.296
MiniMaxAI/MiniMax-M2.7,8192,1024,0,2,0.262,2,2,224.889,7.247,7638.261,0,0.0,0.262,0.033,267.862,33.483,137.994,8,8,1,1,1,8,1,tp8pp1dp1etp1ep8,fp8_block,fp8,bfloat16,fp8_block,half,31.801,0.002,1.0,1.0,8193.0,8192,1.0,vllm,0.25.1,h200_sxm,0.0,33.483
MiniMaxAI/MiniMax-M2.7,8192,1024,0,1,0.145,1,1,199.689,6.532,6881.771,0,0.0,0.145,0.018,148.654,18.582,153.096,8,8,1,1,1,8,1,tp8pp1dp1etp1ep8,fp8_block,fp8,bfloat16,fp8_block,half,31.665,0.001,1.0,1.0,8192.0,8192,1.0,vllm,0.25.1,h200_sxm,0.0,18.582
